scene_id,uav_routes,pano_records,unique_pano_ids
0001,5,162,162
0003,5,578,578
0004,5,974,974
0005,5,102,102
0007,5,409,409
0008,5,384,384
0012,5,333,333
0013,5,606,606
0015,5,57,57
0016,5,178,178
0017,5,219,219
0022,5,157,157
0023,5,126,126
0025,5,196,196
0027,5,500,500
0032,5,147,147
0035,5,274,274
0036,5,292,292
0042,5,723,723
0056,5,82,82
0057,5,93,93
0058,5,126,126
0061,5,143,143
0063,5,496,496
0064,5,297,297
0065,5,143,143
0067,5,52,52
0071,5,572,572
0080,5,237,237
0083,5,153,153
0086,5,417,417
0090,5,402,402
0094,5,115,115
0095,5,119,119
0098,5,312,312
0102,5,197,197
0104,5,147,147
0115,5,432,432
0117,5,214,214
0122,5,105,105
0130,5,153,153
0137,5,478,478
0141,5,105,105
0147,5,277,277
0148,5,250,250
0149,5,454,454
0151,5,132,132
0160,5,303,303
0176,5,158,158
0190,5,194,194
0197,5,350,350
0200,5,117,117
0205,5,867,867
0214,5,567,567
0224,5,116,116
0229,5,171,171
0231,5,147,147
0235,5,117,117
0240,5,336,336
0243,5,283,283
0252,5,35,35
0258,5,111,111
0269,5,136,136
0275,5,241,241
0281,5,198,198
0294,5,127,127
0299,5,288,288
0306,5,170,170
0307,5,228,228
0312,5,153,153
0326,5,186,186
0327,5,226,226
0331,5,119,119
0335,5,171,171
0341,5,108,108
0348,5,288,288
0360,5,110,110
0377,5,530,530
0407,5,204,204
0411,5,173,173
0446,5,181,181
0455,5,430,430
0472,5,114,114
0493,5,575,575
0496,5,194,194
